"DateTime","Bus","Generation (MW)","Load (MW)","Price ($/MWh)","Revenue ($)","Cost ($)","Deficit(MW)","Surplus(MW)"
"13-FEB-2017 09:30","100",0.000,0.000,79.805,0.000,0.000,0.000,0.000
"13-FEB-2017 09:30","101",0.000,0.000,84.494,0.000,0.000,0.000,0.000
"13-FEB-2017 09:30","102",0.000,0.000,84.493,0.000,0.000,0.000,0.000
"13-FEB-2017 09:30","103",0.000,0.000,81.854,0.000,0.000,0.000,0.000
"13-FEB-2017 09:30","104",0.000,28.197,82.800,0.000,1167.361,0.000,0.000
"13-FEB-2017 09:30","105",0.000,0.000,82.307,0.000,0.000,0.000,0.000
"13-FEB-2017 09:30","106",0.000,0.000,82.307,0.000,0.000,0.000,0.000
"13-FEB-2017 09:30","107",0.000,14.134,82.403,0.000,582.341,0.000,0.000
"13-FEB-2017 09:30","108",0.000,83.744,82.462,0.000,3452.848,0.000,0.000
"13-FEB-2017 09:30","109",0.000,0.000,82.227,0.000,0.000,0.000,0.000
"13-FEB-2017 09:30","111",0.000,0.000,82.156,0.000,0.000,0.000,0.000
"13-FEB-2017 09:30","112",0.000,0.000,82.190,0.000,0.000,0.000,0.000
"13-FEB-2017 09:30","113",0.000,27.636,83.679,0.000,1156.275,0.000,0.000
"13-FEB-2017 09:30","114",0.000,0.000,83.450,0.000,0.000,0.000,0.000
"13-FEB-2017 09:30","115",0.000,0.000,82.522,0.000,0.000,0.000,0.000
"13-FEB-2017 09:30","116",0.000,0.000,82.522,0.000,0.000,0.000,0.000
"13-FEB-2017 09:30","117",0.000,0.000,82.522,0.000,0.000,0.000,0.000
"13-FEB-2017 09:30","118",0.000,0.000,82.522,0.000,0.000,0.000,0.000
"13-FEB-2017 09:30","119",362.000,0.000,82.522,14936.400,0.000,0.000,0.000
"13-FEB-2017 09:30","12",0.000,58.432,84.693,0.000,2474.388,0.000,0.000
"13-FEB-2017 09:30","120",0.000,16.960,82.558,0.000,700.093,0.000,0.000
"13-FEB-2017 09:30","121",0.000,0.000,82.522,0.000,0.000,0.000,0.000
"13-FEB-2017 09:30","122",0.000,26.739,83.296,0.000,1113.621,0.000,0.000
"13-FEB-2017 09:30","123",0.000,0.000,82.532,0.000,0.000,0.000,0.000
"13-FEB-2017 09:30","124",0.000,-20.522,77.691,0.000,-797.189,0.000,0.000
"13-FEB-2017 09:30","125",0.000,41.382,78.332,0.000,1620.769,0.000,0.000
"13-FEB-2017 09:30","126",0.000,10.982,78.070,0.000,428.682,0.000,0.000
"13-FEB-2017 09:30","127",0.000,0.000,77.791,0.000,0.000,0.000,0.000
"13-FEB-2017 09:30","128",0.000,0.000,77.840,0.000,0.000,0.000,0.000
"13-FEB-2017 09:30","129",21.333,0.000,82.065,875.357,0.000,0.000,0.000
"13-FEB-2017 09:30","13",0.000,0.000,84.370,0.000,0.000,0.000,0.000
"13-FEB-2017 09:30","130",21.333,0.000,82.065,875.357,0.000,0.000,0.000
"13-FEB-2017 09:30","131",21.333,0.000,82.065,875.357,0.000,0.000,0.000
"13-FEB-2017 09:30","132",0.000,0.000,82.065,0.000,0.000,0.000,0.000
"13-FEB-2017 09:30","133",0.000,30.898,86.306,0.000,1333.349,0.000,0.000
"13-FEB-2017 09:30","134",0.000,0.000,85.963,0.000,0.000,0.000,0.000
"13-FEB-2017 09:30","135",0.000,0.000,82.533,0.000,0.000,0.000,0.000
"13-FEB-2017 09:30","136",0.000,1.689,81.972,0.000,69.226,0.000,0.000
"13-FEB-2017 09:30","137",0.000,0.000,81.924,0.000,0.000,0.000,0.000
"13-FEB-2017 09:30","138",0.000,24.431,84.538,0.000,1032.673,0.000,0.000
"13-FEB-2017 09:30","139",0.000,25.300,83.087,0.000,1051.055,0.000,0.000
"13-FEB-2017 09:30","14",0.000,0.000,84.379,0.000,0.000,0.000,0.000
"13-FEB-2017 09:30","140",0.000,0.000,82.891,0.000,0.000,0.000,0.000
"13-FEB-2017 09:30","141",41.000,0.000,81.876,1678.462,0.000,0.000,0.000
"13-FEB-2017 09:30","142",0.000,5.489,81.876,0.000,224.704,0.000,0.000
"13-FEB-2017 09:30","143",0.000,0.000,81.876,0.000,0.000,0.000,0.000
"13-FEB-2017 09:30","144",0.000,0.000,81.876,0.000,0.000,0.000,0.000
"13-FEB-2017 09:30","145",0.000,0.000,81.876,0.000,0.000,0.000,0.000
"13-FEB-2017 09:30","146",0.000,0.000,81.876,0.000,0.000,0.000,0.000
"13-FEB-2017 09:30","147",0.000,16.192,81.876,0.000,662.875,0.000,0.000
"13-FEB-2017 09:30","148",0.000,0.000,81.918,0.000,0.000,0.000,0.000
"13-FEB-2017 09:30","149",0.000,20.723,85.352,0.000,884.379,0.000,0.000
"13-FEB-2017 09:30","15",0.000,0.000,84.421,0.000,0.000,0.000,0.000
"13-FEB-2017 09:30","150",0.000,0.000,85.098,0.000,0.000,0.000,0.000
"13-FEB-2017 09:30","151",0.000,22.312,85.971,0.000,959.092,0.000,0.000
"13-FEB-2017 09:30","152",0.000,0.000,85.702,0.000,0.000,0.000,0.000
"13-FEB-2017 09:30","153",5.750,0.000,77.406,222.544,0.000,0.000,0.000
"13-FEB-2017 09:30","154",5.750,0.000,77.406,222.544,0.000,0.000,0.000
"13-FEB-2017 09:30","155",0.000,5.294,77.406,0.000,204.881,0.000,0.000
"13-FEB-2017 09:30","156",0.000,0.000,77.406,0.000,0.000,0.000,0.000
"13-FEB-2017 09:30","157",0.000,0.000,77.406,0.000,0.000,0.000,0.000
"13-FEB-2017 09:30","158",0.000,0.000,77.406,0.000,0.000,0.000,0.000
"13-FEB-2017 09:30","159",17.333,0.000,77.732,673.679,0.000,0.000,0.000
"13-FEB-2017 09:30","16",0.000,0.000,84.430,0.000,0.000,0.000,0.000
"13-FEB-2017 09:30","160",17.333,0.000,77.732,673.679,0.000,0.000,0.000
"13-FEB-2017 09:30","161",17.333,0.000,77.732,673.679,0.000,0.000,0.000
"13-FEB-2017 09:30","162",0.000,0.000,77.732,0.000,0.000,0.000,0.000
"13-FEB-2017 09:30","163",55.000,0.000,78.111,2148.049,0.000,0.000,0.000
"13-FEB-2017 09:30","164",0.000,0.000,78.111,0.000,0.000,0.000,0.000
"13-FEB-2017 09:30","167",0.000,32.994,78.316,0.000,1291.987,0.000,0.000
"13-FEB-2017 09:30","168",0.000,0.000,78.128,0.000,0.000,0.000,0.000
"13-FEB-2017 09:30","169",0.000,0.000,78.129,0.000,0.000,0.000,0.000
"13-FEB-2017 09:30","17",0.000,84.987,84.984,0.000,3611.267,0.000,0.000
"13-FEB-2017 09:30","170",0.000,0.000,77.815,0.000,0.000,0.000,0.000
"13-FEB-2017 09:30","171",0.000,0.000,78.128,0.000,0.000,0.000,0.000
"13-FEB-2017 09:30","172",0.000,0.000,79.071,0.000,0.000,0.000,0.000
"13-FEB-2017 09:30","173",103.000,0.000,77.513,3991.938,0.000,0.000,0.000
"13-FEB-2017 09:30","174",0.000,0.000,77.513,0.000,0.000,0.000,0.000
"13-FEB-2017 09:30","175",0.000,39.000,77.468,0.000,1510.633,0.000,0.000
"13-FEB-2017 09:30","177",0.000,36.000,77.970,0.000,1403.457,0.000,0.000
"13-FEB-2017 09:30","178",0.000,11.818,77.788,0.000,459.652,0.000,0.000
"13-FEB-2017 09:30","179",0.000,0.000,77.541,0.000,0.000,0.000,0.000
"13-FEB-2017 09:30","18",0.000,0.000,84.760,0.000,0.000,0.000,0.000
"13-FEB-2017 09:30","180",0.000,0.000,77.513,0.000,0.000,0.000,0.000
"13-FEB-2017 09:30","181",0.000,0.000,77.803,0.000,0.000,0.000,0.000
"13-FEB-2017 09:30","182",34.000,0.000,79.208,1346.544,0.000,0.000,0.000
"13-FEB-2017 09:30","183",0.000,0.000,79.208,0.000,0.000,0.000,0.000
"13-FEB-2017 09:30","186",0.000,7.176,78.976,0.000,283.365,0.000,0.000
"13-FEB-2017 09:30","187",0.000,0.000,78.890,0.000,0.000,0.000,0.000
"13-FEB-2017 09:30","188",0.000,0.000,78.888,0.000,0.000,0.000,0.000
"13-FEB-2017 09:30","189",0.000,0.000,78.937,0.000,0.000,0.000,0.000
"13-FEB-2017 09:30","19",0.000,0.000,84.553,0.000,0.000,0.000,0.000
"13-FEB-2017 09:30","190",0.000,0.000,78.643,0.000,0.000,0.000,0.000
"13-FEB-2017 09:30","191",0.000,4.784,78.191,0.000,187.033,0.000,0.000
"13-FEB-2017 09:30","192",0.000,0.000,78.041,0.000,0.000,0.000,0.000
"13-FEB-2017 09:30","193",0.000,0.000,78.340,0.000,0.000,0.000,0.000
"13-FEB-2017 09:30","194",9.500,0.000,77.406,367.681,0.000,0.000,0.000
"13-FEB-2017 09:30","195",9.500,0.000,77.406,367.681,0.000,0.000,0.000
"13-FEB-2017 09:30","196",0.000,0.529,77.406,0.000,20.488,0.000,0.000
"13-FEB-2017 09:30","197",50.329,0.000,78.656,1979.340,0.000,0.000,0.000
"13-FEB-2017 09:30","198",45.671,0.000,78.656,1796.169,0.000,0.000,0.000
"13-FEB-2017 09:30","199",0.000,0.000,78.656,0.000,0.000,0.000,0.000
"13-FEB-2017 09:30","20",0.000,24.321,90.377,0.000,1099.024,0.000,0.000
"13-FEB-2017 09:30","200",19.444,0.000,78.378,762.009,0.000,0.000,0.000
"13-FEB-2017 09:30","202",19.444,0.000,78.378,762.009,0.000,0.000,0.000
"13-FEB-2017 09:30","203",19.444,0.000,78.378,762.009,0.000,0.000,0.000
"13-FEB-2017 09:30","204",19.444,0.000,78.378,762.009,0.000,0.000,0.000
"13-FEB-2017 09:30","205",19.444,0.000,78.378,762.009,0.000,0.000,0.000
"13-FEB-2017 09:30","206",19.444,0.000,78.378,762.009,0.000,0.000,0.000
"13-FEB-2017 09:30","207",19.444,0.000,78.378,762.009,0.000,0.000,0.000
"13-FEB-2017 09:30","208",19.444,0.000,78.378,762.009,0.000,0.000,0.000
"13-FEB-2017 09:30","209",19.444,0.000,78.378,762.009,0.000,0.000,0.000
"13-FEB-2017 09:30","21",0.000,0.000,86.758,0.000,0.000,0.000,0.000
"13-FEB-2017 09:30","210",0.000,0.000,78.378,0.000,0.000,0.000,0.000
"13-FEB-2017 09:30","211",0.000,40.286,79.631,0.000,1604.009,0.000,0.000
"13-FEB-2017 09:30","212",0.000,0.000,79.463,0.000,0.000,0.000,0.000
"13-FEB-2017 09:30","213",137.000,0.000,77.492,5308.172,0.000,0.000,0.000
"13-FEB-2017 09:30","214",0.000,0.000,77.492,0.000,0.000,0.000,0.000
"13-FEB-2017 09:30","215",40.500,0.000,77.492,1569.204,0.000,0.000,0.000
"13-FEB-2017 09:30","216",40.500,0.000,77.492,1569.204,0.000,0.000,0.000
"13-FEB-2017 09:30","217",0.000,0.000,77.492,0.000,0.000,0.000,0.000
"13-FEB-2017 09:30","218",19.500,0.000,77.938,759.898,0.000,0.000,0.000
"13-FEB-2017 09:30","219",19.500,0.000,77.938,759.898,0.000,0.000,0.000
"13-FEB-2017 09:30","22",0.000,0.000,86.726,0.000,0.000,0.000,0.000
"13-FEB-2017 09:30","220",19.500,0.000,77.938,759.898,0.000,0.000,0.000
"13-FEB-2017 09:30","221",19.500,0.000,77.938,759.898,0.000,0.000,0.000
"13-FEB-2017 09:30","222",0.000,0.000,77.938,0.000,0.000,0.000,0.000
"13-FEB-2017 09:30","223",0.000,0.000,78.827,0.000,0.000,0.000,0.000
"13-FEB-2017 09:30","224",0.000,0.000,77.608,0.000,0.000,0.000,0.000
"13-FEB-2017 09:30","225",0.000,0.000,77.608,0.000,0.000,0.000,0.000
"13-FEB-2017 09:30","226",0.000,0.000,77.608,0.000,0.000,0.000,0.000
"13-FEB-2017 09:30","227",3.270,0.000,77.608,126.899,0.000,0.000,0.000
"13-FEB-2017 09:30","228",0.000,0.000,77.608,0.000,0.000,0.000,0.000
"13-FEB-2017 09:30","229",14.865,0.000,77.608,576.814,0.000,0.000,0.000
"13-FEB-2017 09:30","23",0.000,0.000,86.726,0.000,0.000,0.000,0.000
"13-FEB-2017 09:30","230",14.865,0.000,77.608,576.814,0.000,0.000,0.000
"13-FEB-2017 09:30","231",0.000,0.000,77.608,0.000,0.000,0.000,0.000
"13-FEB-2017 09:30","232",0.000,0.000,77.608,0.000,0.000,0.000,0.000
"13-FEB-2017 09:30","233",0.000,0.000,77.608,0.000,0.000,0.000,0.000
"13-FEB-2017 09:30","234",14.734,0.000,77.468,570.698,0.000,0.000,0.000
"13-FEB-2017 09:30","235",10.243,0.000,77.468,396.742,0.000,0.000,0.000
"13-FEB-2017 09:30","236",6.303,0.000,77.468,244.149,0.000,0.000,0.000
"13-FEB-2017 09:30","237",18.720,0.000,77.468,725.122,0.000,0.000,0.000
"13-FEB-2017 09:30","238",0.000,6.553,79.285,0.000,259.777,0.000,0.000
"13-FEB-2017 09:30","239",0.000,0.000,78.922,0.000,0.000,0.000,0.000
"13-FEB-2017 09:30","24",0.000,0.000,86.758,0.000,0.000,0.000,0.000
"13-FEB-2017 09:30","240",48.000,0.000,77.824,1867.775,0.000,0.000,0.000
"13-FEB-2017 09:30","241",0.000,0.000,77.824,0.000,0.000,0.000,0.000
"13-FEB-2017 09:30","242",0.000,0.000,77.492,0.000,0.000,0.000,0.000
"13-FEB-2017 09:30","243",0.000,0.000,77.732,0.000,0.000,0.000,0.000
"13-FEB-2017 09:30","244",0.000,13.117,79.741,0.000,522.981,0.000,0.000
"13-FEB-2017 09:30","245",0.000,36.639,79.841,0.000,1462.649,0.000,0.000
"13-FEB-2017 09:30","246",0.000,0.000,79.550,0.000,0.000,0.000,0.000
"13-FEB-2017 09:30","247",21.000,0.000,77.732,816.186,0.000,0.000,0.000
"13-FEB-2017 09:30","248",0.000,0.000,77.732,0.000,0.000,0.000,0.000
"13-FEB-2017 09:30","249",0.000,19.182,79.454,0.000,762.046,0.000,0.000
"13-FEB-2017 09:30","25",0.000,0.000,86.785,0.000,0.000,0.000,0.000
"13-FEB-2017 09:30","250",0.000,52.412,79.208,0.000,2075.737,0.000,0.000
"13-FEB-2017 09:30","251",0.000,0.000,79.167,0.000,0.000,0.000,0.000
"13-FEB-2017 09:30","252",80.000,0.000,77.843,3113.722,0.000,0.000,0.000
"13-FEB-2017 09:30","253",81.000,0.000,77.843,3152.644,0.000,0.000,0.000
"13-FEB-2017 09:30","254",0.000,0.000,77.843,0.000,0.000,0.000,0.000
"13-FEB-2017 09:30","255",0.000,0.780,80.285,0.000,31.311,0.000,0.000
"13-FEB-2017 09:30","256",0.000,0.000,80.109,0.000,0.000,0.000,0.000
"13-FEB-2017 09:30","257",0.000,16.331,79.384,0.000,648.212,0.000,0.000
"13-FEB-2017 09:30","258",0.000,0.000,79.182,0.000,0.000,0.000,0.000
"13-FEB-2017 09:30","259",0.000,4.272,78.697,0.000,168.097,0.000,0.000
"13-FEB-2017 09:30","26",0.000,0.000,86.441,0.000,0.000,0.000,0.000
"13-FEB-2017 09:30","263",0.000,0.000,78.489,0.000,0.000,0.000,0.000
"13-FEB-2017 09:30","265",0.000,0.000,78.489,0.000,0.000,0.000,0.000
"13-FEB-2017 09:30","266",0.000,0.000,78.500,0.000,0.000,0.000,0.000
"13-FEB-2017 09:30","267",0.000,0.000,78.380,0.000,0.000,0.000,0.000
"13-FEB-2017 09:30","268",0.000,5.623,78.459,0.000,220.587,0.000,0.000
"13-FEB-2017 09:30","269",0.000,0.000,78.732,0.000,0.000,0.000,0.000
"13-FEB-2017 09:30","27",0.000,80.248,88.158,0.000,3537.236,0.000,0.000
"13-FEB-2017 09:30","270",0.000,0.000,78.134,0.000,0.000,0.000,0.000
"13-FEB-2017 09:30","271",15.000,0.000,79.550,596.628,0.000,0.000,0.000
"13-FEB-2017 09:30","272",0.000,0.000,79.550,0.000,0.000,0.000,0.000
"13-FEB-2017 09:30","273",18.750,0.000,78.656,737.404,0.000,0.000,0.000
"13-FEB-2017 09:30","274",18.750,0.000,78.656,737.404,0.000,0.000,0.000
"13-FEB-2017 09:30","275",18.750,0.000,78.656,737.404,0.000,0.000,0.000
"13-FEB-2017 09:30","276",18.750,0.000,78.656,737.404,0.000,0.000,0.000
"13-FEB-2017 09:30","277",0.000,7.260,78.656,0.000,285.523,0.000,0.000
"13-FEB-2017 09:30","278",0.000,0.000,78.656,0.000,0.000,0.000,0.000
"13-FEB-2017 09:30","279",0.000,0.000,78.656,0.000,0.000,0.000,0.000
"13-FEB-2017 09:30","28",0.000,12.785,90.455,0.000,578.234,0.000,0.000
"13-FEB-2017 09:30","280",0.000,0.000,78.656,0.000,0.000,0.000,0.000
"13-FEB-2017 09:30","281",0.000,0.000,78.667,0.000,0.000,0.000,0.000
"13-FEB-2017 09:30","282",48.000,0.000,78.248,1877.944,0.000,0.000,0.000
"13-FEB-2017 09:30","283",0.000,0.000,78.248,0.000,0.000,0.000,0.000
"13-FEB-2017 09:30","284",36.451,0.000,77.784,1417.661,0.000,0.000,0.000
"13-FEB-2017 09:30","285",18.226,0.000,77.784,708.830,0.000,0.000,0.000
"13-FEB-2017 09:30","286",20.360,0.000,77.784,791.847,0.000,0.000,0.000
"13-FEB-2017 09:30","287",22.659,0.000,77.784,881.249,0.000,0.000,0.000
"13-FEB-2017 09:30","288",9.304,0.000,77.784,361.865,0.000,0.000,0.000
"13-FEB-2017 09:30","289",0.000,28.694,77.732,0.000,1115.221,0.000,0.000
"13-FEB-2017 09:30","290",0.000,0.000,77.784,0.000,0.000,0.000,0.000
"13-FEB-2017 09:30","291",0.000,0.000,77.784,0.000,0.000,0.000,0.000
"13-FEB-2017 09:30","292",0.000,39.765,78.554,0.000,1561.857,0.000,0.000
"13-FEB-2017 09:30","293",0.000,0.000,78.258,0.000,0.000,0.000,0.000
"13-FEB-2017 09:30","294",0.000,45.230,78.398,0.000,1772.961,0.000,0.000
"13-FEB-2017 09:30","295",0.000,0.000,78.214,0.000,0.000,0.000,0.000
"13-FEB-2017 09:30","296",0.000,0.000,78.178,0.000,0.000,0.000,0.000
"13-FEB-2017 09:30","297",16.000,0.000,73.002,584.014,0.000,0.000,0.000
"13-FEB-2017 09:30","298",16.000,0.000,73.002,584.014,0.000,0.000,0.000
"13-FEB-2017 09:30","299",19.900,0.000,73.002,726.349,0.000,0.000,0.000
"13-FEB-2017 09:30","30",0.000,0.000,89.826,0.000,0.000,0.000,0.000
"13-FEB-2017 09:30","300",19.900,0.000,73.002,726.349,0.000,0.000,0.000
"13-FEB-2017 09:30","301",19.000,0.000,73.002,693.516,0.000,0.000,0.000
"13-FEB-2017 09:30","302",19.000,0.000,73.002,693.516,0.000,0.000,0.000
"13-FEB-2017 09:30","303",19.000,0.000,73.002,693.516,0.000,0.000,0.000
"13-FEB-2017 09:30","304",0.000,44.097,73.002,0.000,1609.579,0.000,0.000
"13-FEB-2017 09:30","305",0.000,25.418,78.327,0.000,995.461,0.000,0.000
"13-FEB-2017 09:30","306",0.000,30.502,78.335,0.000,1194.676,0.000,0.000
"13-FEB-2017 09:30","307",0.000,9.150,78.226,0.000,357.904,0.000,0.000
"13-FEB-2017 09:30","308",0.000,0.000,78.112,0.000,0.000,0.000,0.000
"13-FEB-2017 09:30","309",0.000,0.000,78.112,0.000,0.000,0.000,0.000
"13-FEB-2017 09:30","31",0.000,0.000,90.377,0.000,0.000,0.000,0.000
"13-FEB-2017 09:30","310",0.000,0.000,78.112,0.000,0.000,0.000,0.000
"13-FEB-2017 09:30","311",0.000,0.110,78.112,0.000,4.296,0.000,0.000
"13-FEB-2017 09:30","312",0.000,56.005,78.424,0.000,2196.068,0.000,0.000
"13-FEB-2017 09:30","313",0.000,0.000,78.215,0.000,0.000,0.000,0.000
"13-FEB-2017 09:30","314",0.000,0.000,76.452,0.000,0.000,0.000,0.000
"13-FEB-2017 09:30","315",0.000,0.000,76.491,0.000,0.000,0.000,0.000
"13-FEB-2017 09:30","316",0.000,15.419,76.157,0.000,587.132,0.000,0.000
"13-FEB-2017 09:30","317",0.000,0.000,76.052,0.000,0.000,0.000,0.000
"13-FEB-2017 09:30","318",0.000,27.726,77.337,0.000,1072.125,0.000,0.000
"13-FEB-2017 09:30","319",0.000,0.000,77.251,0.000,0.000,0.000,0.000
"13-FEB-2017 09:30","32",0.000,38.257,84.593,0.000,1618.141,0.000,0.000
"13-FEB-2017 09:30","320",0.000,28.865,77.509,0.000,1118.653,0.000,0.000
"13-FEB-2017 09:30","321",0.000,0.000,77.375,0.000,0.000,0.000,0.000
"13-FEB-2017 09:30","322",0.000,20.391,79.826,0.000,813.870,0.000,0.000
"13-FEB-2017 09:30","323",0.000,0.000,79.576,0.000,0.000,0.000,0.000
"13-FEB-2017 09:30","324",16.000,0.000,76.452,611.612,0.000,0.000,0.000
"13-FEB-2017 09:30","325",0.000,0.000,76.452,0.000,0.000,0.000,0.000
"13-FEB-2017 09:30","326",23.300,0.000,75.996,885.355,0.000,0.000,0.000
"13-FEB-2017 09:30","327",23.300,0.000,75.996,885.355,0.000,0.000,0.000
"13-FEB-2017 09:30","328",0.000,0.000,75.996,0.000,0.000,0.000,0.000
"13-FEB-2017 09:30","329",0.000,6.383,77.003,0.000,245.755,0.000,0.000
"13-FEB-2017 09:30","330",0.000,0.000,76.970,0.000,0.000,0.000,0.000
"13-FEB-2017 09:30","332",0.000,11.152,77.334,0.000,431.214,0.000,0.000
"13-FEB-2017 09:30","333",0.000,0.000,77.177,0.000,0.000,0.000,0.000
"13-FEB-2017 09:30","334",0.000,0.000,77.184,0.000,0.000,0.000,0.000
"13-FEB-2017 09:30","335",0.000,0.000,77.148,0.000,0.000,0.000,0.000
"13-FEB-2017 09:30","336",0.000,6.132,77.040,0.000,236.204,0.000,0.000
"13-FEB-2017 09:30","337",0.000,0.000,76.672,0.000,0.000,0.000,0.000
"13-FEB-2017 09:30","338",12.000,0.000,79.576,477.456,0.000,0.000,0.000
"13-FEB-2017 09:30","339",0.000,0.000,79.576,0.000,0.000,0.000,0.000
"13-FEB-2017 09:30","34",0.000,0.000,84.453,0.000,0.000,0.000,0.000
"13-FEB-2017 09:30","341",53.316,0.000,77.000,2052.669,0.000,0.000,0.000
"13-FEB-2017 09:30","342",0.000,0.000,77.000,0.000,0.000,0.000,0.000
"13-FEB-2017 09:30","343",0.000,16.991,77.060,0.000,654.666,0.000,0.000
"13-FEB-2017 09:30","344",0.000,0.000,76.985,0.000,0.000,0.000,0.000
"13-FEB-2017 09:30","345",0.000,0.000,76.979,0.000,0.000,0.000,0.000
"13-FEB-2017 09:30","346",0.000,1.150,77.000,0.000,44.275,0.000,0.000
"13-FEB-2017 09:30","347",0.000,0.000,77.000,0.000,0.000,0.000,0.000
"13-FEB-2017 09:30","348",0.000,0.000,77.000,0.000,0.000,0.000,0.000
"13-FEB-2017 09:30","349",2.501,0.000,79.576,99.528,0.000,0.000,0.000
"13-FEB-2017 09:30","35",0.000,0.000,83.930,0.000,0.000,0.000,0.000
"13-FEB-2017 09:30","350",0.000,0.000,79.576,0.000,0.000,0.000,0.000
"13-FEB-2017 09:30","351",3.499,0.000,79.576,139.200,0.000,0.000,0.000
"13-FEB-2017 09:30","352",0.000,0.000,79.576,0.000,0.000,0.000,0.000
"13-FEB-2017 09:30","353",0.000,3.559,79.635,0.000,141.710,0.000,0.000
"13-FEB-2017 09:30","354",0.000,0.000,79.202,0.000,0.000,0.000,0.000
"13-FEB-2017 09:30","358",0.000,41.122,76.097,0.000,1564.623,0.000,0.000
"13-FEB-2017 09:30","359",0.000,-0.001,75.915,0.000,-0.019,0.000,0.000
"13-FEB-2017 09:30","36",0.000,3.056,83.984,0.000,128.327,0.000,0.000
"13-FEB-2017 09:30","360",0.000,-0.001,75.897,0.000,-0.019,0.000,0.000
"13-FEB-2017 09:30","361",0.000,0.000,75.818,0.000,0.000,0.000,0.000
"13-FEB-2017 09:30","362",0.000,0.000,75.815,0.000,0.000,0.000,0.000
"13-FEB-2017 09:30","363",0.000,0.000,75.815,0.000,0.000,0.000,0.000
"13-FEB-2017 09:30","364",0.000,0.000,75.875,0.000,0.000,0.000,0.000
"13-FEB-2017 09:30","365",0.000,0.000,75.858,0.000,0.000,0.000,0.000
"13-FEB-2017 09:30","366",0.000,0.000,80.723,0.000,0.000,0.000,0.000
"13-FEB-2017 09:30","367",0.000,9.746,78.519,0.000,382.622,0.000,0.000
"13-FEB-2017 09:30","369",0.000,0.000,78.324,0.000,0.000,0.000,0.000
"13-FEB-2017 09:30","37",0.000,0.100,83.930,0.000,4.197,0.000,0.000
"13-FEB-2017 09:30","370",0.000,0.000,75.603,0.000,0.000,0.000,0.000
"13-FEB-2017 09:30","371",0.000,3.355,75.650,0.000,126.903,0.000,0.000
"13-FEB-2017 09:30","372",0.000,0.000,75.524,0.000,0.000,0.000,0.000
"13-FEB-2017 09:30","373",0.000,0.000,75.747,0.000,0.000,0.000,0.000
"13-FEB-2017 09:30","374",28.000,0.000,75.489,1056.846,0.000,0.000,0.000
"13-FEB-2017 09:30","375",0.000,24.387,75.489,0.000,920.475,0.000,0.000
"13-FEB-2017 09:30","376",0.000,0.000,75.528,0.000,0.000,0.000,0.000
"13-FEB-2017 09:30","377",0.000,0.000,75.528,0.000,0.000,0.000,0.000
"13-FEB-2017 09:30","378",0.000,12.461,77.884,0.000,485.258,0.000,0.000
"13-FEB-2017 09:30","379",0.000,0.000,77.749,0.000,0.000,0.000,0.000
"13-FEB-2017 09:30","38",0.000,21.037,90.251,0.000,949.300,0.000,0.000
"13-FEB-2017 09:30","380",0.000,0.000,77.750,0.000,0.000,0.000,0.000
"13-FEB-2017 09:30","381",0.000,4.164,79.282,0.000,165.065,0.000,0.000
"13-FEB-2017 09:30","382",0.000,0.000,79.149,0.000,0.000,0.000,0.000
"13-FEB-2017 09:30","383",0.000,1.645,80.859,0.000,66.507,0.000,0.000
"13-FEB-2017 09:30","384",0.000,0.000,80.820,0.000,0.000,0.000,0.000
"13-FEB-2017 09:30","385",0.000,2.641,80.076,0.000,105.740,0.000,0.000
"13-FEB-2017 09:30","386",0.000,0.000,80.036,0.000,0.000,0.000,0.000
"13-FEB-2017 09:30","387",31.500,0.000,77.032,1213.246,0.000,0.000,0.000
"13-FEB-2017 09:30","388",31.500,0.000,77.032,1213.246,0.000,0.000,0.000
"13-FEB-2017 09:30","389",0.000,0.000,77.032,0.000,0.000,0.000,0.000
"13-FEB-2017 09:30","39",0.000,0.000,89.581,0.000,0.000,0.000,0.000
"13-FEB-2017 09:30","390",0.000,0.000,76.226,0.000,0.000,0.000,0.000
"13-FEB-2017 09:30","391",0.000,0.000,76.226,0.000,0.000,0.000,0.000
"13-FEB-2017 09:30","392",35.250,0.000,77.134,1359.492,0.000,0.000,0.000
"13-FEB-2017 09:30","393",35.250,0.000,77.134,1359.492,0.000,0.000,0.000
"13-FEB-2017 09:30","394",35.250,0.000,77.134,1359.492,0.000,0.000,0.000
"13-FEB-2017 09:30","395",35.250,0.000,77.134,1359.492,0.000,0.000,0.000
"13-FEB-2017 09:30","396",0.000,4.241,77.365,0.000,164.053,0.000,0.000
"13-FEB-2017 09:30","397",0.000,0.000,77.134,0.000,0.000,0.000,0.000
"13-FEB-2017 09:30","398",0.000,-0.001,79.143,0.000,-0.020,0.000,0.000
"13-FEB-2017 09:30","399",0.000,-0.001,79.135,0.000,-0.020,0.000,0.000
"13-FEB-2017 09:30","4",0.000,90.853,84.611,0.000,3843.593,0.000,0.000
"13-FEB-2017 09:30","400",0.000,0.000,79.075,0.000,0.000,0.000,0.000
"13-FEB-2017 09:30","401",0.000,32.465,77.232,0.000,1253.662,0.000,0.000
"13-FEB-2017 09:30","402",0.000,-0.001,76.911,0.000,-0.019,0.000,0.000
"13-FEB-2017 09:30","403",0.000,-0.001,76.899,0.000,-0.019,0.000,0.000
"13-FEB-2017 09:30","404",0.000,0.000,76.853,0.000,0.000,0.000,0.000
"13-FEB-2017 09:30","405",0.000,0.000,75.421,0.000,0.000,0.000,0.000
"13-FEB-2017 09:30","406",0.000,0.000,75.421,0.000,0.000,0.000,0.000
"13-FEB-2017 09:30","407",0.000,-118.272,75.421,0.000,-4460.097,0.000,0.000
"13-FEB-2017 09:30","408",0.000,0.000,75.650,0.000,0.000,0.000,0.000
"13-FEB-2017 09:30","409",0.000,0.000,76.097,0.000,0.000,0.000,0.000
"13-FEB-2017 09:30","41",0.000,77.132,84.423,0.000,3255.875,0.000,0.000
"13-FEB-2017 09:30","410",0.000,1.603,76.416,0.000,61.247,0.000,0.000
"13-FEB-2017 09:30","411",0.000,-25.059,76.226,0.000,-955.073,0.000,0.000
"13-FEB-2017 09:30","412",0.000,19.498,78.989,0.000,770.067,0.000,0.000
"13-FEB-2017 09:30","413",0.000,0.000,78.697,0.000,0.000,0.000,0.000
"13-FEB-2017 09:30","414",0.000,17.250,81.952,0.000,706.838,0.000,0.000
"13-FEB-2017 09:30","416",0.000,0.000,81.274,0.000,0.000,0.000,0.000
"13-FEB-2017 09:30","417",0.000,6.607,75.993,0.000,251.024,0.000,0.000
"13-FEB-2017 09:30","418",0.000,6.607,75.991,0.000,251.016,0.000,0.000
"13-FEB-2017 09:30","419",0.000,95.245,75.674,0.000,3603.791,0.000,0.000
"13-FEB-2017 09:30","42",0.000,0.000,84.406,0.000,0.000,0.000,0.000
"13-FEB-2017 09:30","421",0.000,0.000,75.106,0.000,0.000,0.000,0.000
"13-FEB-2017 09:30","422",0.000,0.000,75.407,0.000,0.000,0.000,0.000
"13-FEB-2017 09:30","424",0.000,0.000,74.972,0.000,0.000,0.000,0.000
"13-FEB-2017 09:30","425",0.000,0.000,75.434,0.000,0.000,0.000,0.000
"13-FEB-2017 09:30","426",0.000,0.000,74.892,0.000,0.000,0.000,0.000
"13-FEB-2017 09:30","427",0.000,38.367,74.961,0.000,1438.024,0.000,0.000
"13-FEB-2017 09:30","428",0.000,0.000,74.750,0.000,0.000,0.000,0.000
"13-FEB-2017 09:30","429",0.000,0.000,74.750,0.000,0.000,0.000,0.000
"13-FEB-2017 09:30","43",0.000,0.000,84.409,0.000,0.000,0.000,0.000
"13-FEB-2017 09:30","430",0.000,8.635,76.688,0.000,331.099,0.000,0.000
"13-FEB-2017 09:30","431",0.000,0.000,76.269,0.000,0.000,0.000,0.000
"13-FEB-2017 09:30","432",0.000,0.000,76.269,0.000,0.000,0.000,0.000
"13-FEB-2017 09:30","433",0.000,0.000,74.529,0.000,0.000,0.000,0.000
"13-FEB-2017 09:30","434",0.000,0.000,74.946,0.000,0.000,0.000,0.000
"13-FEB-2017 09:30","435",0.000,7.299,74.946,0.000,273.516,0.000,0.000
"13-FEB-2017 09:30","436",0.000,0.000,74.542,0.000,0.000,0.000,0.000
"13-FEB-2017 09:30","437",0.000,0.000,74.542,0.000,0.000,0.000,0.000
"13-FEB-2017 09:30","438",0.000,0.000,74.588,0.000,0.000,0.000,0.000
"13-FEB-2017 09:30","439",0.000,0.000,74.542,0.000,0.000,0.000,0.000
"13-FEB-2017 09:30","44",0.000,0.000,84.305,0.000,0.000,0.000,0.000
"13-FEB-2017 09:30","440",0.000,0.000,74.588,0.000,0.000,0.000,0.000
"13-FEB-2017 09:30","441",0.000,0.000,74.529,0.000,0.000,0.000,0.000
"13-FEB-2017 09:30","442",0.000,0.000,74.588,0.000,0.000,0.000,0.000
"13-FEB-2017 09:30","443",0.000,0.000,74.588,0.000,0.000,0.000,0.000
"13-FEB-2017 09:30","444",0.000,7.957,74.853,0.000,297.801,0.000,0.000
"13-FEB-2017 09:30","445",0.000,0.000,74.542,0.000,0.000,0.000,0.000
"13-FEB-2017 09:30","446",0.000,0.000,74.542,0.000,0.000,0.000,0.000
"13-FEB-2017 09:30","447",0.000,0.000,74.542,0.000,0.000,0.000,0.000
"13-FEB-2017 09:30","448",0.000,0.000,74.588,0.000,0.000,0.000,0.000
"13-FEB-2017 09:30","449",0.000,0.000,74.529,0.000,0.000,0.000,0.000
"13-FEB-2017 09:30","45",0.000,3.554,85.391,0.000,151.740,0.000,0.000
"13-FEB-2017 09:30","450",0.000,0.000,74.529,0.000,0.000,0.000,0.000
"13-FEB-2017 09:30","451",0.000,0.000,74.529,0.000,0.000,0.000,0.000
"13-FEB-2017 09:30","452",0.000,23.426,75.517,0.000,884.536,0.000,0.000
"13-FEB-2017 09:30","454",0.000,0.000,75.180,0.000,0.000,0.000,0.000
"13-FEB-2017 09:30","455",0.000,10.577,77.172,0.000,408.123,0.000,0.000
"13-FEB-2017 09:30","456",0.000,0.000,76.858,0.000,0.000,0.000,0.000
"13-FEB-2017 09:30","457",0.000,15.597,75.205,0.000,586.489,0.000,0.000
"13-FEB-2017 09:30","458",0.000,15.785,75.073,0.000,592.517,0.000,0.000
"13-FEB-2017 09:30","459",0.000,0.000,74.989,0.000,0.000,0.000,0.000
"13-FEB-2017 09:30","46",0.000,51.857,85.334,0.000,2212.575,0.000,0.000
"13-FEB-2017 09:30","460",0.000,0.000,75.002,0.000,0.000,0.000,0.000
"13-FEB-2017 09:30","461",0.000,30.333,77.343,0.000,1173.017,0.000,0.000
"13-FEB-2017 09:30","462",0.000,0.000,77.165,0.000,0.000,0.000,0.000
"13-FEB-2017 09:30","463",0.000,7.546,74.965,0.000,282.843,0.000,0.000
"13-FEB-2017 09:30","464",0.000,0.000,74.782,0.000,0.000,0.000,0.000
"13-FEB-2017 09:30","465",0.000,0.000,74.793,0.000,0.000,0.000,0.000
"13-FEB-2017 09:30","466",0.000,33.867,75.221,0.000,1273.755,0.000,0.000
"13-FEB-2017 09:30","467",0.000,0.000,74.896,0.000,0.000,0.000,0.000
"13-FEB-2017 09:30","468",0.000,0.000,75.430,0.000,0.000,0.000,0.000
"13-FEB-2017 09:30","469",0.000,49.265,75.008,0.000,1847.635,0.000,0.000
"13-FEB-2017 09:30","47",0.000,0.000,83.624,0.000,0.000,0.000,0.000
"13-FEB-2017 09:30","470",0.000,0.000,74.727,0.000,0.000,0.000,0.000
"13-FEB-2017 09:30","471",0.000,15.668,74.869,0.000,586.525,0.000,0.000
"13-FEB-2017 09:30","472",0.000,0.000,74.687,0.000,0.000,0.000,0.000
"13-FEB-2017 09:30","474",0.000,5.964,75.081,0.000,223.891,0.000,0.000
"13-FEB-2017 09:30","475",0.000,0.000,74.942,0.000,0.000,0.000,0.000
"13-FEB-2017 09:30","476",0.000,0.000,75.002,0.000,0.000,0.000,0.000
"13-FEB-2017 09:30","477",0.000,0.000,75.066,0.000,0.000,0.000,0.000
"13-FEB-2017 09:30","478",0.000,0.000,74.580,0.000,0.000,0.000,0.000
"13-FEB-2017 09:30","479",0.000,-61.849,74.580,0.000,-2306.344,0.000,0.000
"13-FEB-2017 09:30","48",0.000,0.000,83.625,0.000,0.000,0.000,0.000
"13-FEB-2017 09:30","480",0.000,0.000,74.580,0.000,0.000,0.000,0.000
"13-FEB-2017 09:30","481",0.000,0.000,75.081,0.000,0.000,0.000,0.000
"13-FEB-2017 09:30","482",0.000,0.000,81.339,0.000,0.000,0.000,0.000
"13-FEB-2017 09:30","483",0.000,0.000,81.373,0.000,0.000,0.000,0.000
"13-FEB-2017 09:30","484",0.000,0.000,81.476,0.000,0.000,0.000,0.000
"13-FEB-2017 09:30","485",11.000,0.000,80.032,440.173,0.000,0.000,0.000
"13-FEB-2017 09:30","486",0.000,0.000,80.032,0.000,0.000,0.000,0.000
"13-FEB-2017 09:30","487",0.000,0.172,81.752,0.000,7.031,0.000,0.000
"13-FEB-2017 09:30","488",0.000,58.379,83.634,0.000,2441.221,0.000,0.000
"13-FEB-2017 09:30","489",0.000,0.000,83.373,0.000,0.000,0.000,0.000
"13-FEB-2017 09:30","49",0.000,0.000,83.677,0.000,0.000,0.000,0.000
"13-FEB-2017 09:30","490",19.000,0.000,80.703,766.674,0.000,0.000,0.000
"13-FEB-2017 09:30","491",0.000,0.000,80.703,0.000,0.000,0.000,0.000
"13-FEB-2017 09:30","492",0.000,17.684,77.784,0.000,687.762,0.000,0.000
"13-FEB-2017 09:30","493",0.000,3.812,78.131,0.000,148.917,0.000,0.000
"13-FEB-2017 09:30","494",0.000,0.000,77.477,0.000,0.000,0.000,0.000
"13-FEB-2017 09:30","495",0.000,0.000,77.469,0.000,0.000,0.000,0.000
"13-FEB-2017 09:30","496",0.000,0.000,81.062,0.000,0.000,0.000,0.000
"13-FEB-2017 09:30","497",0.000,0.000,79.080,0.000,0.000,0.000,0.000
"13-FEB-2017 09:30","498",0.000,0.000,79.486,0.000,0.000,0.000,0.000
"13-FEB-2017 09:30","499",0.000,0.000,79.080,0.000,0.000,0.000,0.000
"13-FEB-2017 09:30","5",0.000,0.000,84.355,0.000,0.000,0.000,0.000
"13-FEB-2017 09:30","50",56.000,0.000,83.747,2344.910,0.000,0.000,0.000
"13-FEB-2017 09:30","500",0.000,0.000,79.181,0.000,0.000,0.000,0.000
"13-FEB-2017 09:30","5001",0.000,0.000,0.000,0.000,0.000,0.000,0.000
"13-FEB-2017 09:30","5002",0.000,0.000,0.000,0.000,0.000,0.000,0.000
"13-FEB-2017 09:30","5003",0.000,0.000,0.000,0.000,0.000,0.000,0.000
"13-FEB-2017 09:30","5004",0.000,0.000,0.000,0.000,0.000,0.000,0.000
"13-FEB-2017 09:30","5005",0.000,0.000,0.000,0.000,0.000,0.000,0.000
"13-FEB-2017 09:30","5006",0.000,0.000,0.000,0.000,0.000,0.000,0.000
"13-FEB-2017 09:30","5007",0.000,0.000,0.000,0.000,0.000,0.000,0.000
"13-FEB-2017 09:30","5008",0.000,0.000,0.000,0.000,0.000,0.000,0.000
"13-FEB-2017 09:30","5009",0.000,0.000,0.000,0.000,0.000,0.000,0.000
"13-FEB-2017 09:30","501",0.000,0.000,79.481,0.000,0.000,0.000,0.000
"13-FEB-2017 09:30","5010",0.000,0.000,0.000,0.000,0.000,0.000,0.000
"13-FEB-2017 09:30","5011",0.000,0.000,0.000,0.000,0.000,0.000,0.000
"13-FEB-2017 09:30","5012",0.000,0.000,0.000,0.000,0.000,0.000,0.000
"13-FEB-2017 09:30","5013",0.000,0.000,0.000,0.000,0.000,0.000,0.000
"13-FEB-2017 09:30","5014",0.000,0.000,0.000,0.000,0.000,0.000,0.000
"13-FEB-2017 09:30","5015",0.000,0.000,0.000,0.000,0.000,0.000,0.000
"13-FEB-2017 09:30","5016",0.000,0.000,0.000,0.000,0.000,0.000,0.000
"13-FEB-2017 09:30","5017",0.000,0.000,0.000,0.000,0.000,0.000,0.000
"13-FEB-2017 09:30","5018",0.000,0.000,0.000,0.000,0.000,0.000,0.000
"13-FEB-2017 09:30","5019",0.000,0.000,0.000,0.000,0.000,0.000,0.000
"13-FEB-2017 09:30","502",0.000,1.796,80.756,0.000,72.519,0.000,0.000
"13-FEB-2017 09:30","5020",0.000,0.000,0.000,0.000,0.000,0.000,0.000
"13-FEB-2017 09:30","5021",0.000,0.000,0.000,0.000,0.000,0.000,0.000
"13-FEB-2017 09:30","5022",0.000,0.000,0.000,0.000,0.000,0.000,0.000
"13-FEB-2017 09:30","5023",0.000,0.000,0.000,0.000,0.000,0.000,0.000
"13-FEB-2017 09:30","5024",0.000,0.000,0.000,0.000,0.000,0.000,0.000
"13-FEB-2017 09:30","5025",0.000,0.000,0.000,0.000,0.000,0.000,0.000
"13-FEB-2017 09:30","5026",0.000,0.000,0.000,0.000,0.000,0.000,0.000
"13-FEB-2017 09:30","5027",0.000,0.000,0.000,0.000,0.000,0.000,0.000
"13-FEB-2017 09:30","5028",0.000,0.000,0.000,0.000,0.000,0.000,0.000
"13-FEB-2017 09:30","5029",0.000,0.000,0.000,0.000,0.000,0.000,0.000
"13-FEB-2017 09:30","503",0.000,0.000,80.285,0.000,0.000,0.000,0.000
"13-FEB-2017 09:30","5030",0.000,0.000,0.000,0.000,0.000,0.000,0.000
"13-FEB-2017 09:30","5031",0.000,0.000,0.000,0.000,0.000,0.000,0.000
"13-FEB-2017 09:30","5032",0.000,0.000,0.000,0.000,0.000,0.000,0.000
"13-FEB-2017 09:30","5033",0.000,0.000,0.000,0.000,0.000,0.000,0.000
"13-FEB-2017 09:30","5034",0.000,0.000,0.000,0.000,0.000,0.000,0.000
"13-FEB-2017 09:30","5035",0.000,0.000,0.000,0.000,0.000,0.000,0.000
"13-FEB-2017 09:30","5036",0.000,0.000,0.000,0.000,0.000,0.000,0.000
"13-FEB-2017 09:30","5037",0.000,0.000,0.000,0.000,0.000,0.000,0.000
"13-FEB-2017 09:30","5038",0.000,0.000,0.000,0.000,0.000,0.000,0.000
"13-FEB-2017 09:30","5039",0.000,0.000,0.000,0.000,0.000,0.000,0.000
"13-FEB-2017 09:30","504",0.000,1.555,81.352,0.000,63.251,0.000,0.000
"13-FEB-2017 09:30","5040",0.000,0.000,0.000,0.000,0.000,0.000,0.000
"13-FEB-2017 09:30","5041",0.000,0.000,0.000,0.000,0.000,0.000,0.000
"13-FEB-2017 09:30","5042",0.000,0.000,0.000,0.000,0.000,0.000,0.000
"13-FEB-2017 09:30","5043",0.000,0.000,0.000,0.000,0.000,0.000,0.000
"13-FEB-2017 09:30","5044",0.000,0.000,0.000,0.000,0.000,0.000,0.000
"13-FEB-2017 09:30","5045",0.000,0.000,0.000,0.000,0.000,0.000,0.000
"13-FEB-2017 09:30","5046",0.000,0.000,0.000,0.000,0.000,0.000,0.000
"13-FEB-2017 09:30","5047",0.000,0.000,0.000,0.000,0.000,0.000,0.000
"13-FEB-2017 09:30","5048",0.000,0.000,0.000,0.000,0.000,0.000,0.000
"13-FEB-2017 09:30","5049",0.000,0.000,0.000,0.000,0.000,0.000,0.000
"13-FEB-2017 09:30","505",0.000,1.384,81.349,0.000,56.293,0.000,0.000
"13-FEB-2017 09:30","5050",0.000,0.000,0.000,0.000,0.000,0.000,0.000
"13-FEB-2017 09:30","5051",0.000,0.000,0.000,0.000,0.000,0.000,0.000
"13-FEB-2017 09:30","5052",0.000,0.000,0.000,0.000,0.000,0.000,0.000
"13-FEB-2017 09:30","5053",0.000,0.000,0.000,0.000,0.000,0.000,0.000
"13-FEB-2017 09:30","5054",0.000,0.000,0.000,0.000,0.000,0.000,0.000
"13-FEB-2017 09:30","5055",0.000,0.000,0.000,0.000,0.000,0.000,0.000
"13-FEB-2017 09:30","5056",0.000,0.000,0.000,0.000,0.000,0.000,0.000
"13-FEB-2017 09:30","5057",0.000,0.000,0.000,0.000,0.000,0.000,0.000
"13-FEB-2017 09:30","5058",0.000,0.000,0.000,0.000,0.000,0.000,0.000
"13-FEB-2017 09:30","5059",0.000,0.000,0.000,0.000,0.000,0.000,0.000
"13-FEB-2017 09:30","506",0.000,3.423,81.373,0.000,139.270,0.000,0.000
"13-FEB-2017 09:30","5060",0.000,0.000,0.000,0.000,0.000,0.000,0.000
"13-FEB-2017 09:30","5061",0.000,0.000,0.000,0.000,0.000,0.000,0.000
"13-FEB-2017 09:30","5062",0.000,0.000,0.000,0.000,0.000,0.000,0.000
"13-FEB-2017 09:30","5063",0.000,0.000,0.000,0.000,0.000,0.000,0.000
"13-FEB-2017 09:30","5064",0.000,0.000,0.000,0.000,0.000,0.000,0.000
"13-FEB-2017 09:30","5065",0.000,0.000,0.000,0.000,0.000,0.000,0.000
"13-FEB-2017 09:30","5066",0.000,0.000,0.000,0.000,0.000,0.000,0.000
"13-FEB-2017 09:30","5067",0.000,0.000,0.000,0.000,0.000,0.000,0.000
"13-FEB-2017 09:30","5068",0.000,0.000,0.000,0.000,0.000,0.000,0.000
"13-FEB-2017 09:30","5069",0.000,0.000,0.000,0.000,0.000,0.000,0.000
"13-FEB-2017 09:30","507",0.000,3.376,81.476,0.000,137.532,0.000,0.000
"13-FEB-2017 09:30","5070",0.000,0.000,0.000,0.000,0.000,0.000,0.000
"13-FEB-2017 09:30","5071",0.000,0.000,0.000,0.000,0.000,0.000,0.000
"13-FEB-2017 09:30","5072",0.000,0.000,0.000,0.000,0.000,0.000,0.000
"13-FEB-2017 09:30","5073",0.000,0.000,0.000,0.000,0.000,0.000,0.000
"13-FEB-2017 09:30","5074",0.000,0.000,0.000,0.000,0.000,0.000,0.000
"13-FEB-2017 09:30","5075",0.000,0.000,0.000,0.000,0.000,0.000,0.000
"13-FEB-2017 09:30","5076",0.000,0.000,0.000,0.000,0.000,0.000,0.000
"13-FEB-2017 09:30","5077",0.000,0.000,0.000,0.000,0.000,0.000,0.000
"13-FEB-2017 09:30","5078",0.000,0.000,0.000,0.000,0.000,0.000,0.000
"13-FEB-2017 09:30","5079",0.000,0.000,0.000,0.000,0.000,0.000,0.000
"13-FEB-2017 09:30","5080",0.000,0.000,0.000,0.000,0.000,0.000,0.000
"13-FEB-2017 09:30","5081",0.000,0.000,0.000,0.000,0.000,0.000,0.000
"13-FEB-2017 09:30","5082",0.000,0.000,0.000,0.000,0.000,0.000,0.000
"13-FEB-2017 09:30","5083",0.000,0.000,0.000,0.000,0.000,0.000,0.000
"13-FEB-2017 09:30","5084",0.000,0.000,0.000,0.000,0.000,0.000,0.000
"13-FEB-2017 09:30","5085",0.000,0.000,0.000,0.000,0.000,0.000,0.000
"13-FEB-2017 09:30","5086",0.000,0.000,0.000,0.000,0.000,0.000,0.000
"13-FEB-2017 09:30","5087",0.000,0.000,0.000,0.000,0.000,0.000,0.000
"13-FEB-2017 09:30","5088",0.000,0.000,0.000,0.000,0.000,0.000,0.000
"13-FEB-2017 09:30","5089",0.000,0.000,0.000,0.000,0.000,0.000,0.000
"13-FEB-2017 09:30","509",0.000,0.000,80.686,0.000,0.000,0.000,0.000
"13-FEB-2017 09:30","5090",0.000,0.000,0.000,0.000,0.000,0.000,0.000
"13-FEB-2017 09:30","5091",0.000,0.000,0.000,0.000,0.000,0.000,0.000
"13-FEB-2017 09:30","5092",0.000,0.000,0.000,0.000,0.000,0.000,0.000
"13-FEB-2017 09:30","5093",0.000,0.000,0.000,0.000,0.000,0.000,0.000
"13-FEB-2017 09:30","5094",0.000,0.000,0.000,0.000,0.000,0.000,0.000
"13-FEB-2017 09:30","5095",0.000,0.000,0.000,0.000,0.000,0.000,0.000
"13-FEB-2017 09:30","5096",0.000,0.000,0.000,0.000,0.000,0.000,0.000
"13-FEB-2017 09:30","5097",0.000,0.000,0.000,0.000,0.000,0.000,0.000
"13-FEB-2017 09:30","5098",0.000,0.000,0.000,0.000,0.000,0.000,0.000
"13-FEB-2017 09:30","5099",0.000,0.000,0.000,0.000,0.000,0.000,0.000
"13-FEB-2017 09:30","51",0.000,46.827,83.747,0.000,1960.805,0.000,0.000
"13-FEB-2017 09:30","510",0.000,83.890,80.426,0.000,3373.470,0.000,0.000
"13-FEB-2017 09:30","5100",0.000,0.000,0.000,0.000,0.000,0.000,0.000
"13-FEB-2017 09:30","5101",0.000,0.000,0.000,0.000,0.000,0.000,0.000
"13-FEB-2017 09:30","5102",0.000,0.000,0.000,0.000,0.000,0.000,0.000
"13-FEB-2017 09:30","5103",0.000,0.000,0.000,0.000,0.000,0.000,0.000
"13-FEB-2017 09:30","5104",0.000,0.000,0.000,0.000,0.000,0.000,0.000
"13-FEB-2017 09:30","5105",0.000,0.000,0.000,0.000,0.000,0.000,0.000
"13-FEB-2017 09:30","5106",0.000,0.000,0.000,0.000,0.000,0.000,0.000
"13-FEB-2017 09:30","5107",0.000,0.000,0.000,0.000,0.000,0.000,0.000
"13-FEB-2017 09:30","5108",0.000,0.000,0.000,0.000,0.000,0.000,0.000
"13-FEB-2017 09:30","5109",0.000,0.000,0.000,0.000,0.000,0.000,0.000
"13-FEB-2017 09:30","511",0.000,17.803,80.703,0.000,718.374,0.000,0.000
"13-FEB-2017 09:30","5110",0.000,0.000,0.000,0.000,0.000,0.000,0.000
"13-FEB-2017 09:30","5111",0.000,0.000,0.000,0.000,0.000,0.000,0.000
"13-FEB-2017 09:30","5112",0.000,0.000,0.000,0.000,0.000,0.000,0.000
"13-FEB-2017 09:30","5113",0.000,0.000,0.000,0.000,0.000,0.000,0.000
"13-FEB-2017 09:30","5114",0.000,0.000,0.000,0.000,0.000,0.000,0.000
"13-FEB-2017 09:30","5115",0.000,0.000,0.000,0.000,0.000,0.000,0.000
"13-FEB-2017 09:30","5116",0.000,0.000,0.000,0.000,0.000,0.000,0.000
"13-FEB-2017 09:30","5117",0.000,0.000,0.000,0.000,0.000,0.000,0.000
"13-FEB-2017 09:30","5118",0.000,0.000,0.000,0.000,0.000,0.000,0.000
"13-FEB-2017 09:30","5119",0.000,0.000,0.000,0.000,0.000,0.000,0.000
"13-FEB-2017 09:30","512",0.000,0.000,80.686,0.000,0.000,0.000,0.000
"13-FEB-2017 09:30","5120",0.000,0.000,0.000,0.000,0.000,0.000,0.000
"13-FEB-2017 09:30","5121",0.000,0.000,0.000,0.000,0.000,0.000,0.000
"13-FEB-2017 09:30","5122",0.000,0.000,0.000,0.000,0.000,0.000,0.000
"13-FEB-2017 09:30","5123",0.000,0.000,0.000,0.000,0.000,0.000,0.000
"13-FEB-2017 09:30","5124",0.000,0.000,0.000,0.000,0.000,0.000,0.000
"13-FEB-2017 09:30","5125",0.000,0.000,0.000,0.000,0.000,0.000,0.000
"13-FEB-2017 09:30","5126",0.000,0.000,0.000,0.000,0.000,0.000,0.000
"13-FEB-2017 09:30","5127",0.000,0.000,0.000,0.000,0.000,0.000,0.000
"13-FEB-2017 09:30","5128",0.000,0.000,0.000,0.000,0.000,0.000,0.000
"13-FEB-2017 09:30","5129",0.000,0.000,0.000,0.000,0.000,0.000,0.000
"13-FEB-2017 09:30","513",0.000,0.000,80.722,0.000,0.000,0.000,0.000
"13-FEB-2017 09:30","5130",0.000,0.000,0.000,0.000,0.000,0.000,0.000
"13-FEB-2017 09:30","5131",0.000,0.000,0.000,0.000,0.000,0.000,0.000
"13-FEB-2017 09:30","5132",0.000,0.000,0.000,0.000,0.000,0.000,0.000
"13-FEB-2017 09:30","5133",0.000,0.000,0.000,0.000,0.000,0.000,0.000
"13-FEB-2017 09:30","5134",0.000,0.000,0.000,0.000,0.000,0.000,0.000
"13-FEB-2017 09:30","5135",0.000,0.000,0.000,0.000,0.000,0.000,0.000
"13-FEB-2017 09:30","5136",0.000,0.000,0.000,0.000,0.000,0.000,0.000
"13-FEB-2017 09:30","5137",0.000,0.000,0.000,0.000,0.000,0.000,0.000
"13-FEB-2017 09:30","5138",0.000,0.000,0.000,0.000,0.000,0.000,0.000
"13-FEB-2017 09:30","5139",0.000,0.000,0.000,0.000,0.000,0.000,0.000
"13-FEB-2017 09:30","514",0.000,0.000,80.722,0.000,0.000,0.000,0.000
"13-FEB-2017 09:30","5140",0.000,0.000,0.000,0.000,0.000,0.000,0.000
"13-FEB-2017 09:30","5141",0.000,0.000,0.000,0.000,0.000,0.000,0.000
"13-FEB-2017 09:30","5142",0.000,0.000,0.000,0.000,0.000,0.000,0.000
"13-FEB-2017 09:30","5143",0.000,0.000,0.000,0.000,0.000,0.000,0.000
"13-FEB-2017 09:30","5144",0.000,0.000,0.000,0.000,0.000,0.000,0.000
"13-FEB-2017 09:30","5145",0.000,0.000,0.000,0.000,0.000,0.000,0.000
"13-FEB-2017 09:30","5146",0.000,0.000,0.000,0.000,0.000,0.000,0.000
"13-FEB-2017 09:30","5147",0.000,0.000,0.000,0.000,0.000,0.000,0.000
"13-FEB-2017 09:30","5148",0.000,0.000,0.000,0.000,0.000,0.000,0.000
"13-FEB-2017 09:30","5149",0.000,0.000,0.000,0.000,0.000,0.000,0.000
"13-FEB-2017 09:30","515",0.000,0.000,80.267,0.000,0.000,0.000,0.000
"13-FEB-2017 09:30","5150",0.000,0.000,0.000,0.000,0.000,0.000,0.000
"13-FEB-2017 09:30","5151",0.000,0.000,0.000,0.000,0.000,0.000,0.000
"13-FEB-2017 09:30","5152",0.000,0.000,0.000,0.000,0.000,0.000,0.000
"13-FEB-2017 09:30","5153",0.000,0.000,0.000,0.000,0.000,0.000,0.000
"13-FEB-2017 09:30","5154",0.000,0.000,0.000,0.000,0.000,0.000,0.000
"13-FEB-2017 09:30","5155",0.000,0.000,0.000,0.000,0.000,0.000,0.000
"13-FEB-2017 09:30","5156",0.000,0.000,0.000,0.000,0.000,0.000,0.000
"13-FEB-2017 09:30","5157",0.000,0.000,0.000,0.000,0.000,0.000,0.000
"13-FEB-2017 09:30","5158",0.000,0.000,0.000,0.000,0.000,0.000,0.000
"13-FEB-2017 09:30","5159",0.000,0.000,0.000,0.000,0.000,0.000,0.000
"13-FEB-2017 09:30","516",0.000,0.000,81.296,0.000,0.000,0.000,0.000
"13-FEB-2017 09:30","5160",0.000,0.000,0.000,0.000,0.000,0.000,0.000
"13-FEB-2017 09:30","5161",0.000,0.000,0.000,0.000,0.000,0.000,0.000
"13-FEB-2017 09:30","5162",0.000,0.000,0.000,0.000,0.000,0.000,0.000
"13-FEB-2017 09:30","5163",0.000,0.000,0.000,0.000,0.000,0.000,0.000
"13-FEB-2017 09:30","5164",0.000,0.000,0.000,0.000,0.000,0.000,0.000
"13-FEB-2017 09:30","5165",0.000,0.000,0.000,0.000,0.000,0.000,0.000
"13-FEB-2017 09:30","5166",0.000,0.000,0.000,0.000,0.000,0.000,0.000
"13-FEB-2017 09:30","5167",0.000,0.000,0.000,0.000,0.000,0.000,0.000
"13-FEB-2017 09:30","5168",0.000,0.000,0.000,0.000,0.000,0.000,0.000
"13-FEB-2017 09:30","5169",0.000,0.000,0.000,0.000,0.000,0.000,0.000
"13-FEB-2017 09:30","517",0.000,0.000,81.362,0.000,0.000,0.000,0.000
"13-FEB-2017 09:30","5170",0.000,0.000,0.000,0.000,0.000,0.000,0.000
"13-FEB-2017 09:30","5171",0.000,0.000,0.000,0.000,0.000,0.000,0.000
"13-FEB-2017 09:30","5172",0.000,0.000,0.000,0.000,0.000,0.000,0.000
"13-FEB-2017 09:30","5173",0.000,0.000,0.000,0.000,0.000,0.000,0.000
"13-FEB-2017 09:30","5174",0.000,0.000,0.000,0.000,0.000,0.000,0.000
"13-FEB-2017 09:30","5175",0.000,0.000,0.000,0.000,0.000,0.000,0.000
"13-FEB-2017 09:30","5176",0.000,0.000,0.000,0.000,0.000,0.000,0.000
"13-FEB-2017 09:30","5177",0.000,0.000,0.000,0.000,0.000,0.000,0.000
"13-FEB-2017 09:30","5178",0.000,0.000,0.000,0.000,0.000,0.000,0.000
"13-FEB-2017 09:30","5179",0.000,0.000,0.000,0.000,0.000,0.000,0.000
"13-FEB-2017 09:30","518",0.000,0.000,81.362,0.000,0.000,0.000,0.000
"13-FEB-2017 09:30","5180",0.000,0.000,0.000,0.000,0.000,0.000,0.000
"13-FEB-2017 09:30","5181",0.000,0.000,0.000,0.000,0.000,0.000,0.000
"13-FEB-2017 09:30","5182",0.000,0.000,0.000,0.000,0.000,0.000,0.000
"13-FEB-2017 09:30","5183",0.000,0.000,0.000,0.000,0.000,0.000,0.000
"13-FEB-2017 09:30","5184",0.000,0.000,0.000,0.000,0.000,0.000,0.000
"13-FEB-2017 09:30","5185",0.000,0.000,0.000,0.000,0.000,0.000,0.000
"13-FEB-2017 09:30","5186",0.000,0.000,0.000,0.000,0.000,0.000,0.000
"13-FEB-2017 09:30","5187",0.000,0.000,0.000,0.000,0.000,0.000,0.000
"13-FEB-2017 09:30","5188",0.000,0.000,0.000,0.000,0.000,0.000,0.000
"13-FEB-2017 09:30","5189",0.000,0.000,0.000,0.000,0.000,0.000,0.000
"13-FEB-2017 09:30","519",0.000,5.088,79.057,0.000,201.121,0.000,0.000
"13-FEB-2017 09:30","52",0.000,0.000,83.747,0.000,0.000,0.000,0.000
"13-FEB-2017 09:30","520",0.000,0.000,79.003,0.000,0.000,0.000,0.000
"13-FEB-2017 09:30","523",0.000,0.000,76.428,0.000,0.000,0.000,0.000
"13-FEB-2017 09:30","524",0.000,54.595,76.247,0.000,2081.362,0.000,0.000
"13-FEB-2017 09:30","525",0.000,208.067,76.504,0.000,7958.972,0.000,0.000
"13-FEB-2017 09:30","527",0.000,0.000,76.428,0.000,0.000,0.000,0.000
"13-FEB-2017 09:30","528",0.000,0.000,76.428,0.000,0.000,0.000,0.000
"13-FEB-2017 09:30","529",0.000,0.000,76.080,0.000,0.000,0.000,0.000
"13-FEB-2017 09:30","53",0.000,0.000,83.775,0.000,0.000,0.000,0.000
"13-FEB-2017 09:30","530",0.000,15.198,80.419,0.000,611.106,0.000,0.000
"13-FEB-2017 09:30","531",0.000,0.000,80.179,0.000,0.000,0.000,0.000
"13-FEB-2017 09:30","532",0.000,14.350,79.624,0.000,571.301,0.000,0.000
"13-FEB-2017 09:30","533",0.000,24.775,79.447,0.000,984.150,0.000,0.000
"13-FEB-2017 09:30","534",0.000,6.169,77.064,0.000,237.705,0.000,0.000
"13-FEB-2017 09:30","535",0.000,4.347,76.651,0.000,166.600,0.000,0.000
"13-FEB-2017 09:30","536",0.000,0.000,76.839,0.000,0.000,0.000,0.000
"13-FEB-2017 09:30","537",0.000,0.000,76.836,0.000,0.000,0.000,0.000
"13-FEB-2017 09:30","538",0.000,0.000,72.944,0.000,0.000,0.000,0.000
"13-FEB-2017 09:30","539",0.000,0.000,72.945,0.000,0.000,0.000,0.000
"13-FEB-2017 09:30","540",0.000,-3.026,70.996,0.000,-107.416,0.000,0.000
"13-FEB-2017 09:30","541",0.000,0.000,71.811,0.000,0.000,0.000,0.000
"13-FEB-2017 09:30","542",0.000,15.755,74.374,0.000,585.880,0.000,0.000
"13-FEB-2017 09:30","543",0.000,106.176,74.469,0.000,3953.429,0.000,0.000
"13-FEB-2017 09:30","544",0.000,0.000,74.304,0.000,0.000,0.000,0.000
"13-FEB-2017 09:30","546",0.000,0.000,76.030,0.000,0.000,0.000,0.000
"13-FEB-2017 09:30","548",0.000,100.978,76.123,0.000,3843.384,0.000,0.000
"13-FEB-2017 09:30","549",0.000,0.000,76.030,0.000,0.000,0.000,0.000
"13-FEB-2017 09:30","55",0.000,0.000,84.108,0.000,0.000,0.000,0.000
"13-FEB-2017 09:30","551",0.000,0.000,76.077,0.000,0.000,0.000,0.000
"13-FEB-2017 09:30","552",0.000,0.000,75.950,0.000,0.000,0.000,0.000
"13-FEB-2017 09:30","553",0.000,0.000,74.469,0.000,0.000,0.000,0.000
"13-FEB-2017 09:30","554",0.000,0.000,74.469,0.000,0.000,0.000,0.000
"13-FEB-2017 09:30","555",0.000,45.304,74.328,0.000,1683.689,0.000,0.000
"13-FEB-2017 09:30","556",0.000,0.000,73.975,0.000,0.000,0.000,0.000
"13-FEB-2017 09:30","557",0.000,0.000,73.140,0.000,0.000,0.000,0.000
"13-FEB-2017 09:30","558",0.000,0.000,73.141,0.000,0.000,0.000,0.000
"13-FEB-2017 09:30","559",25.000,0.000,69.092,863.653,0.000,0.000,0.000
"13-FEB-2017 09:30","56",0.000,64.585,84.125,0.000,2716.582,0.000,0.000
"13-FEB-2017 09:30","560",0.000,2.116,69.301,0.000,73.320,0.000,0.000
"13-FEB-2017 09:30","561",0.000,0.000,69.523,0.000,0.000,0.000,0.000
"13-FEB-2017 09:30","562",0.000,45.789,75.670,0.000,1732.425,0.000,0.000
"13-FEB-2017 09:30","563",0.000,0.000,75.515,0.000,0.000,0.000,0.000
"13-FEB-2017 09:30","564",0.000,0.000,74.970,0.000,0.000,0.000,0.000
"13-FEB-2017 09:30","565",0.000,0.000,79.450,0.000,0.000,0.000,0.000
"13-FEB-2017 09:30","566",0.000,0.000,79.450,0.000,0.000,0.000,0.000
"13-FEB-2017 09:30","567",0.000,0.000,81.303,0.000,0.000,0.000,0.000
"13-FEB-2017 09:30","568",0.000,0.117,81.138,0.000,4.747,0.000,0.000
"13-FEB-2017 09:30","569",0.000,0.000,81.104,0.000,0.000,0.000,0.000
"13-FEB-2017 09:30","57",0.000,0.000,84.147,0.000,0.000,0.000,0.000
"13-FEB-2017 09:30","570",0.000,0.000,82.359,0.000,0.000,0.000,0.000
"13-FEB-2017 09:30","571",0.000,0.137,75.690,0.000,5.185,0.000,0.000
"13-FEB-2017 09:30","572",0.000,0.000,75.667,0.000,0.000,0.000,0.000
"13-FEB-2017 09:30","573",12.079,0.000,75.276,454.624,0.000,0.000,0.000
"13-FEB-2017 09:30","574",0.000,0.111,75.296,0.000,4.179,0.000,0.000
"13-FEB-2017 09:30","575",0.000,0.000,75.276,0.000,0.000,0.000,0.000
"13-FEB-2017 09:30","578",0.000,5.340,82.359,0.000,219.898,0.000,0.000
"13-FEB-2017 09:30","579",0.000,0.000,82.097,0.000,0.000,0.000,0.000
"13-FEB-2017 09:30","58",0.000,84.339,84.124,0.000,3547.451,0.000,0.000
"13-FEB-2017 09:30","580",0.000,0.000,82.083,0.000,0.000,0.000,0.000
"13-FEB-2017 09:30","581",0.000,0.000,82.080,0.000,0.000,0.000,0.000
"13-FEB-2017 09:30","582",0.000,0.000,82.110,0.000,0.000,0.000,0.000
"13-FEB-2017 09:30","583",0.000,0.000,82.033,0.000,0.000,0.000,0.000
"13-FEB-2017 09:30","584",0.000,8.468,82.238,0.000,348.194,0.000,0.000
"13-FEB-2017 09:30","585",0.000,0.000,82.238,0.000,0.000,0.000,0.000
"13-FEB-2017 09:30","586",0.000,4.019,81.303,0.000,163.378,0.000,0.000
"13-FEB-2017 09:30","587",0.000,0.000,81.303,0.000,0.000,0.000,0.000
"13-FEB-2017 09:30","588",0.000,14.709,80.426,0.000,591.495,0.000,0.000
"13-FEB-2017 09:30","589",0.000,21.131,79.776,0.000,842.876,0.000,0.000
"13-FEB-2017 09:30","59",0.000,0.000,84.124,0.000,0.000,0.000,0.000
"13-FEB-2017 09:30","590",0.000,9.236,79.477,0.000,367.023,0.000,0.000
"13-FEB-2017 09:30","591",0.000,0.000,79.476,0.000,0.000,0.000,0.000
"13-FEB-2017 09:30","592",6.000,-2.669,80.601,241.803,-107.562,0.000,0.000
"13-FEB-2017 09:30","593",0.000,0.000,80.601,0.000,0.000,0.000,0.000
"13-FEB-2017 09:30","594",0.000,0.053,80.969,0.000,2.146,0.000,0.000
"13-FEB-2017 09:30","595",0.000,0.000,80.913,0.000,0.000,0.000,0.000
"13-FEB-2017 09:30","596",0.000,0.000,73.752,0.000,0.000,0.000,0.000
"13-FEB-2017 09:30","597",0.000,0.000,72.106,0.000,0.000,0.000,0.000
"13-FEB-2017 09:30","598",52.448,0.000,70.184,1840.505,0.000,0.000,0.000
"13-FEB-2017 09:30","599",52.448,0.000,70.184,1840.505,0.000,0.000,0.000
"13-FEB-2017 09:30","6",0.000,0.000,84.406,0.000,0.000,0.000,0.000
"13-FEB-2017 09:30","60",0.000,0.000,85.391,0.000,0.000,0.000,0.000
"13-FEB-2017 09:30","600",52.448,0.000,70.184,1840.505,0.000,0.000,0.000
"13-FEB-2017 09:30","601",52.448,0.000,70.184,1840.505,0.000,0.000,0.000
"13-FEB-2017 09:30","602",0.000,0.000,70.184,0.000,0.000,0.000,0.000
"13-FEB-2017 09:30","603",0.000,0.000,70.359,0.000,0.000,0.000,0.000
"13-FEB-2017 09:30","604",0.000,0.000,70.359,0.000,0.000,0.000,0.000
"13-FEB-2017 09:30","605",62.000,0.000,70.359,2181.119,0.000,0.000,0.000
"13-FEB-2017 09:30","606",62.000,0.000,70.359,2181.119,0.000,0.000,0.000
"13-FEB-2017 09:30","607",62.000,0.000,70.359,2181.119,0.000,0.000,0.000
"13-FEB-2017 09:30","608",62.000,0.000,70.359,2181.119,0.000,0.000,0.000
"13-FEB-2017 09:30","609",62.000,0.000,70.359,2181.119,0.000,0.000,0.000
"13-FEB-2017 09:30","61",0.000,83.253,84.366,0.000,3511.873,0.000,0.000
"13-FEB-2017 09:30","610",62.000,0.000,70.359,2181.119,0.000,0.000,0.000
"13-FEB-2017 09:30","611",0.000,0.000,70.359,0.000,0.000,0.000,0.000
"13-FEB-2017 09:30","612",0.000,0.000,70.359,0.000,0.000,0.000,0.000
"13-FEB-2017 09:30","613",0.000,0.000,70.359,0.000,0.000,0.000,0.000
"13-FEB-2017 09:30","614",0.000,0.000,70.359,0.000,0.000,0.000,0.000
"13-FEB-2017 09:30","615",0.000,0.000,70.359,0.000,0.000,0.000,0.000
"13-FEB-2017 09:30","616",0.000,0.000,70.359,0.000,0.000,0.000,0.000
"13-FEB-2017 09:30","617",0.000,8.095,73.411,0.000,297.132,0.000,0.000
"13-FEB-2017 09:30","618",0.000,0.311,72.122,0.000,11.215,0.000,0.000
"13-FEB-2017 09:30","619",0.000,21.254,68.266,0.000,725.463,0.000,0.000
"13-FEB-2017 09:30","62",0.000,5.275,84.103,0.000,221.822,0.000,0.000
"13-FEB-2017 09:30","620",0.000,0.000,68.085,0.000,0.000,0.000,0.000
"13-FEB-2017 09:30","621",0.000,0.000,68.088,0.000,0.000,0.000,0.000
"13-FEB-2017 09:30","624",0.000,0.000,68.174,0.000,0.000,0.000,0.000
"13-FEB-2017 09:30","626",0.000,0.000,68.045,0.000,0.000,0.000,0.000
"13-FEB-2017 09:30","627",0.000,27.230,70.916,0.000,965.522,0.000,0.000
"13-FEB-2017 09:30","629",0.000,0.000,70.392,0.000,0.000,0.000,0.000
"13-FEB-2017 09:30","630",0.000,0.000,71.058,0.000,0.000,0.000,0.000
"13-FEB-2017 09:30","631",0.000,21.498,70.858,0.000,761.655,0.000,0.000
"13-FEB-2017 09:30","632",0.000,0.000,70.639,0.000,0.000,0.000,0.000
"13-FEB-2017 09:30","633",0.000,29.605,75.139,0.000,1112.240,0.000,0.000
"13-FEB-2017 09:30","634",0.000,0.000,74.907,0.000,0.000,0.000,0.000
"13-FEB-2017 09:30","635",46.566,0.000,70.251,1635.646,0.000,0.000,0.000
"13-FEB-2017 09:30","636",46.566,0.000,70.251,1635.646,0.000,0.000,0.000
"13-FEB-2017 09:30","637",46.566,0.000,70.251,1635.646,0.000,0.000,0.000
"13-FEB-2017 09:30","638",46.566,0.000,70.251,1635.646,0.000,0.000,0.000
"13-FEB-2017 09:30","639",0.000,0.000,70.251,0.000,0.000,0.000,0.000
"13-FEB-2017 09:30","640",37.743,0.000,70.316,1326.974,0.000,0.000,0.000
"13-FEB-2017 09:30","641",37.743,0.000,70.316,1326.974,0.000,0.000,0.000
"13-FEB-2017 09:30","642",37.743,0.000,70.316,1326.974,0.000,0.000,0.000
"13-FEB-2017 09:30","643",37.743,0.000,70.316,1326.974,0.000,0.000,0.000
"13-FEB-2017 09:30","644",0.000,0.000,70.316,0.000,0.000,0.000,0.000
"13-FEB-2017 09:30","645",37.743,0.000,70.213,1325.017,0.000,0.000,0.000
"13-FEB-2017 09:30","646",37.743,0.000,70.213,1325.017,0.000,0.000,0.000
"13-FEB-2017 09:30","647",37.743,0.000,70.213,1325.017,0.000,0.000,0.000
"13-FEB-2017 09:30","648",37.743,0.000,70.213,1325.017,0.000,0.000,0.000
"13-FEB-2017 09:30","649",0.000,0.000,70.213,0.000,0.000,0.000,0.000
"13-FEB-2017 09:30","650",4.500,0.000,70.858,159.431,0.000,0.000,0.000
"13-FEB-2017 09:30","651",0.000,0.000,70.858,0.000,0.000,0.000,0.000
"13-FEB-2017 09:30","652",0.000,9.537,74.618,0.000,355.818,0.000,0.000
"13-FEB-2017 09:30","653",0.000,0.000,74.096,0.000,0.000,0.000,0.000
"13-FEB-2017 09:30","654",68.500,0.000,70.346,2409.364,0.000,0.000,0.000
"13-FEB-2017 09:30","655",68.500,0.000,70.346,2409.364,0.000,0.000,0.000
"13-FEB-2017 09:30","656",0.000,0.000,70.346,0.000,0.000,0.000,0.000
"13-FEB-2017 09:30","657",0.000,2.590,70.410,0.000,91.180,0.000,0.000
"13-FEB-2017 09:30","658",0.000,0.000,70.379,0.000,0.000,0.000,0.000
"13-FEB-2017 09:30","659",70.000,4.982,70.009,2450.312,174.392,0.000,0.000
"13-FEB-2017 09:30","66",0.000,43.564,84.236,0.000,1834.824,0.000,0.000
"13-FEB-2017 09:30","662",0.000,0.000,70.084,0.000,0.000,0.000,0.000
"13-FEB-2017 09:30","663",0.000,0.000,70.236,0.000,0.000,0.000,0.000
"13-FEB-2017 09:30","664",0.000,0.000,69.903,0.000,0.000,0.000,0.000
"13-FEB-2017 09:30","665",0.000,0.000,70.002,0.000,0.000,0.000,0.000
"13-FEB-2017 09:30","666",0.000,0.000,70.265,0.000,0.000,0.000,0.000
"13-FEB-2017 09:30","667",0.000,0.000,70.245,0.000,0.000,0.000,0.000
"13-FEB-2017 09:30","668",0.000,21.774,64.571,0.000,702.984,0.000,0.000
"13-FEB-2017 09:30","669",0.000,0.000,64.274,0.000,0.000,0.000,0.000
"13-FEB-2017 09:30","67",0.000,0.000,83.974,0.000,0.000,0.000,0.000
"13-FEB-2017 09:30","670",0.000,6.367,64.826,0.000,206.374,0.000,0.000
"13-FEB-2017 09:30","671",0.000,0.000,64.636,0.000,0.000,0.000,0.000
"13-FEB-2017 09:30","672",0.000,0.000,61.763,0.000,0.000,0.000,0.000
"13-FEB-2017 09:30","673",48.529,0.000,62.535,1517.402,0.000,0.000,0.000
"13-FEB-2017 09:30","674",48.529,0.000,62.535,1517.402,0.000,0.000,0.000
"13-FEB-2017 09:30","675",48.529,0.000,62.535,1517.402,0.000,0.000,0.000
"13-FEB-2017 09:30","676",48.529,0.000,62.535,1517.402,0.000,0.000,0.000
"13-FEB-2017 09:30","677",0.000,-5.820,62.520,0.000,-181.933,0.000,0.000
"13-FEB-2017 09:30","678",0.000,0.000,62.535,0.000,0.000,0.000,0.000
"13-FEB-2017 09:30","679",0.000,23.436,64.755,0.000,758.801,0.000,0.000
"13-FEB-2017 09:30","68",0.000,0.000,84.128,0.000,0.000,0.000,0.000
"13-FEB-2017 09:30","680",0.000,0.000,64.542,0.000,0.000,0.000,0.000
"13-FEB-2017 09:30","681",0.000,19.364,64.948,0.000,628.827,0.000,0.000
"13-FEB-2017 09:30","682",0.000,0.000,64.753,0.000,0.000,0.000,0.000
"13-FEB-2017 09:30","687",0.000,39.298,62.826,0.000,1234.468,0.000,0.000
"13-FEB-2017 09:30","688",0.000,0.000,62.829,0.000,0.000,0.000,0.000
"13-FEB-2017 09:30","689",0.000,0.000,62.829,0.000,0.000,0.000,0.000
"13-FEB-2017 09:30","69",0.000,0.000,83.895,0.000,0.000,0.000,0.000
"13-FEB-2017 09:30","690",0.000,0.000,62.768,0.000,0.000,0.000,0.000
"13-FEB-2017 09:30","691",0.000,0.000,62.720,0.000,0.000,0.000,0.000
"13-FEB-2017 09:30","692",0.000,3.797,62.754,0.000,119.139,0.000,0.000
"13-FEB-2017 09:30","693",0.000,0.000,62.694,0.000,0.000,0.000,0.000
"13-FEB-2017 09:30","695",0.000,57.311,62.267,0.000,1784.290,0.000,0.000
"13-FEB-2017 09:30","696",0.000,0.000,62.199,0.000,0.000,0.000,0.000
"13-FEB-2017 09:30","697",0.000,0.000,62.246,0.000,0.000,0.000,0.000
"13-FEB-2017 09:30","698",0.000,0.000,62.158,0.000,0.000,0.000,0.000
"13-FEB-2017 09:30","699",0.000,0.000,62.826,0.000,0.000,0.000,0.000
"13-FEB-2017 09:30","7",0.000,0.000,84.401,0.000,0.000,0.000,0.000
"13-FEB-2017 09:30","70",0.000,0.000,83.961,0.000,0.000,0.000,0.000
"13-FEB-2017 09:30","700",0.000,0.935,59.115,0.000,27.636,0.000,0.000
"13-FEB-2017 09:30","701",112.571,0.000,59.115,3327.327,0.000,0.000,0.000
"13-FEB-2017 09:30","702",112.571,0.000,59.115,3327.327,0.000,0.000,0.000
"13-FEB-2017 09:30","703",112.571,0.000,59.115,3327.327,0.000,0.000,0.000
"13-FEB-2017 09:30","704",112.571,0.000,59.115,3327.327,0.000,0.000,0.000
"13-FEB-2017 09:30","705",112.571,0.000,59.115,3327.327,0.000,0.000,0.000
"13-FEB-2017 09:30","706",112.571,0.000,59.115,3327.327,0.000,0.000,0.000
"13-FEB-2017 09:30","707",112.571,0.000,59.115,3327.327,0.000,0.000,0.000
"13-FEB-2017 09:30","708",0.000,0.000,59.115,0.000,0.000,0.000,0.000
"13-FEB-2017 09:30","709",0.000,0.000,64.571,0.000,0.000,0.000,0.000
"13-FEB-2017 09:30","71",0.000,0.000,83.814,0.000,0.000,0.000,0.000
"13-FEB-2017 09:30","710",0.000,2.672,61.956,0.000,82.773,0.000,0.000
"13-FEB-2017 09:30","711",0.000,0.000,61.904,0.000,0.000,0.000,0.000
"13-FEB-2017 09:30","713",8.333,0.000,62.336,259.732,0.000,0.000,0.000
"13-FEB-2017 09:30","714",8.333,0.000,62.336,259.732,0.000,0.000,0.000
"13-FEB-2017 09:30","715",8.333,0.000,62.336,259.732,0.000,0.000,0.000
"13-FEB-2017 09:30","716",6.088,0.000,62.500,190.244,0.000,0.000,0.000
"13-FEB-2017 09:30","717",6.088,0.000,62.500,190.244,0.000,0.000,0.000
"13-FEB-2017 09:30","718",6.088,0.000,62.500,190.244,0.000,0.000,0.000
"13-FEB-2017 09:30","719",6.088,0.000,62.500,190.244,0.000,0.000,0.000
"13-FEB-2017 09:30","72",0.000,0.000,83.816,0.000,0.000,0.000,0.000
"13-FEB-2017 09:30","720",6.088,0.000,62.500,190.244,0.000,0.000,0.000
"13-FEB-2017 09:30","721",0.000,0.000,62.337,0.000,0.000,0.000,0.000
"13-FEB-2017 09:30","722",0.000,0.000,62.336,0.000,0.000,0.000,0.000
"13-FEB-2017 09:30","723",0.000,0.000,62.500,0.000,0.000,0.000,0.000
"13-FEB-2017 09:30","724",0.000,41.425,62.857,0.000,1301.931,0.000,0.000
"13-FEB-2017 09:30","725",0.000,0.000,62.718,0.000,0.000,0.000,0.000
"13-FEB-2017 09:30","726",0.000,0.000,62.682,0.000,0.000,0.000,0.000
"13-FEB-2017 09:30","727",0.000,573.854,62.549,0.000,17946.859,0.000,0.000
"13-FEB-2017 09:30","728",0.000,0.000,61.956,0.000,0.000,0.000,0.000
"13-FEB-2017 09:30","729",22.000,0.000,62.826,691.086,0.000,0.000,0.000
"13-FEB-2017 09:30","73",0.000,0.000,83.826,0.000,0.000,0.000,0.000
"13-FEB-2017 09:30","730",32.000,0.000,61.763,988.211,0.000,0.000,0.000
"13-FEB-2017 09:30","731",0.000,0.000,84.409,0.000,0.000,0.000,0.000
"13-FEB-2017 09:30","732",0.000,63.310,83.896,0.000,2655.728,0.000,0.000
"13-FEB-2017 09:30","733",0.000,0.000,84.182,0.000,0.000,0.000,0.000
"13-FEB-2017 09:30","734",0.000,0.000,84.572,0.000,0.000,0.000,0.000
"13-FEB-2017 09:30","735",0.000,0.000,74.955,0.000,0.000,0.000,0.000
"13-FEB-2017 09:30","736",0.000,17.504,78.349,0.000,685.712,0.000,0.000
"13-FEB-2017 09:30","737",0.000,0.000,85.963,0.000,0.000,0.000,0.000
"13-FEB-2017 09:30","738",25.000,0.000,77.732,971.650,0.000,0.000,0.000
"13-FEB-2017 09:30","739",0.000,0.000,78.215,0.000,0.000,0.000,0.000
"13-FEB-2017 09:30","740",0.000,0.000,76.007,0.000,0.000,0.000,0.000
"13-FEB-2017 09:30","741",0.000,6.898,79.792,0.000,275.202,0.000,0.000
"13-FEB-2017 09:30","742",0.000,0.000,77.252,0.000,0.000,0.000,0.000
"13-FEB-2017 09:30","743",0.000,1.879,79.522,0.000,74.711,0.000,0.000
"13-FEB-2017 09:30","744",0.000,0.000,81.232,0.000,0.000,0.000,0.000
"13-FEB-2017 09:30","745",0.000,0.000,81.373,0.000,0.000,0.000,0.000
"13-FEB-2017 09:30","746",0.000,5.088,79.057,0.000,201.121,0.000,0.000
"13-FEB-2017 09:30","747",14.921,0.000,75.276,561.595,0.000,0.000,0.000
"13-FEB-2017 09:30","748",0.000,0.000,79.477,0.000,0.000,0.000,0.000
"13-FEB-2017 09:30","749",0.000,0.000,74.940,0.000,0.000,0.000,0.000
"13-FEB-2017 09:30","75",0.000,85.271,83.972,0.000,3580.190,0.000,0.000
"13-FEB-2017 09:30","750",0.000,29.939,62.892,0.000,941.457,0.000,0.000
"13-FEB-2017 09:30","751",0.000,0.000,84.355,0.000,0.000,0.000,0.000
"13-FEB-2017 09:30","752",0.000,0.000,84.379,0.000,0.000,0.000,0.000
"13-FEB-2017 09:30","753",0.000,0.000,84.370,0.000,0.000,0.000,0.000
"13-FEB-2017 09:30","754",0.000,0.000,84.406,0.000,0.000,0.000,0.000
"13-FEB-2017 09:30","755",0.000,0.000,84.108,0.000,0.000,0.000,0.000
"13-FEB-2017 09:30","756",0.000,0.000,84.124,0.000,0.000,0.000,0.000
"13-FEB-2017 09:30","757",0.000,0.000,84.128,0.000,0.000,0.000,0.000
"13-FEB-2017 09:30","758",0.000,0.000,83.974,0.000,0.000,0.000,0.000
"13-FEB-2017 09:30","759",0.000,0.000,83.895,0.000,0.000,0.000,0.000
"13-FEB-2017 09:30","76",0.000,0.000,83.810,0.000,0.000,0.000,0.000
"13-FEB-2017 09:30","760",0.000,0.000,84.121,0.000,0.000,0.000,0.000
"13-FEB-2017 09:30","761",0.000,0.000,83.826,0.000,0.000,0.000,0.000
"13-FEB-2017 09:30","762",0.000,0.000,84.029,0.000,0.000,0.000,0.000
"13-FEB-2017 09:30","763",0.000,0.000,84.112,0.000,0.000,0.000,0.000
"13-FEB-2017 09:30","764",0.000,0.000,82.236,0.000,0.000,0.000,0.000
"13-FEB-2017 09:30","765",0.000,0.000,77.791,0.000,0.000,0.000,0.000
"13-FEB-2017 09:30","766",0.000,0.000,78.129,0.000,0.000,0.000,0.000
"13-FEB-2017 09:30","767",0.000,0.000,78.128,0.000,0.000,0.000,0.000
"13-FEB-2017 09:30","768",0.000,0.000,78.128,0.000,0.000,0.000,0.000
"13-FEB-2017 09:30","769",0.000,0.000,78.129,0.000,0.000,0.000,0.000
"13-FEB-2017 09:30","770",0.000,0.000,77.541,0.000,0.000,0.000,0.000
"13-FEB-2017 09:30","771",0.000,0.000,78.890,0.000,0.000,0.000,0.000
"13-FEB-2017 09:30","772",0.000,0.000,78.888,0.000,0.000,0.000,0.000
"13-FEB-2017 09:30","774",0.000,0.000,78.489,0.000,0.000,0.000,0.000
"13-FEB-2017 09:30","775",0.000,0.000,78.489,0.000,0.000,0.000,0.000
"13-FEB-2017 09:30","776",0.000,0.000,78.258,0.000,0.000,0.000,0.000
"13-FEB-2017 09:30","777",0.000,0.000,77.177,0.000,0.000,0.000,0.000
"13-FEB-2017 09:30","778",0.000,0.000,76.985,0.000,0.000,0.000,0.000
"13-FEB-2017 09:30","779",0.000,0.000,75.815,0.000,0.000,0.000,0.000
"13-FEB-2017 09:30","780",0.000,0.000,75.818,0.000,0.000,0.000,0.000
"13-FEB-2017 09:30","781",0.000,0.000,75.815,0.000,0.000,0.000,0.000
"13-FEB-2017 09:30","782",0.000,0.000,74.942,0.000,0.000,0.000,0.000
"13-FEB-2017 09:30","783",0.000,0.000,79.486,0.000,0.000,0.000,0.000
"13-FEB-2017 09:30","784",0.000,0.000,80.722,0.000,0.000,0.000,0.000
"13-FEB-2017 09:30","785",0.000,0.000,76.428,0.000,0.000,0.000,0.000
"13-FEB-2017 09:30","786",0.000,0.000,76.077,0.000,0.000,0.000,0.000
"13-FEB-2017 09:30","787",0.000,0.000,74.024,0.000,0.000,0.000,0.000
"13-FEB-2017 09:30","788",0.000,0.000,82.080,0.000,0.000,0.000,0.000
"13-FEB-2017 09:30","789",0.000,0.000,82.083,0.000,0.000,0.000,0.000
"13-FEB-2017 09:30","79",0.000,36.823,84.611,0.000,1557.811,0.000,0.000
"13-FEB-2017 09:30","790",0.000,0.000,70.236,0.000,0.000,0.000,0.000
"13-FEB-2017 09:30","791",0.000,0.000,69.903,0.000,0.000,0.000,0.000
"13-FEB-2017 09:30","792",0.000,0.000,62.768,0.000,0.000,0.000,0.000
"13-FEB-2017 09:30","793",0.000,0.000,62.829,0.000,0.000,0.000,0.000
"13-FEB-2017 09:30","794",0.000,0.000,62.720,0.000,0.000,0.000,0.000
"13-FEB-2017 09:30","795",0.000,0.000,62.829,0.000,0.000,0.000,0.000
"13-FEB-2017 09:30","796",0.000,0.000,62.199,0.000,0.000,0.000,0.000
"13-FEB-2017 09:30","797",0.000,0.000,62.337,0.000,0.000,0.000,0.000
"13-FEB-2017 09:30","8",0.000,47.277,86.780,0.000,2051.353,0.000,0.000
"13-FEB-2017 09:30","80",0.000,3.270,84.044,0.000,137.412,0.000,0.000
"13-FEB-2017 09:30","81",0.000,184.638,84.443,0.000,7795.678,0.000,0.000
"13-FEB-2017 09:30","82",0.000,0.000,84.443,0.000,0.000,0.000,0.000
"13-FEB-2017 09:30","83",0.000,0.000,84.029,0.000,0.000,0.000,0.000
"13-FEB-2017 09:30","84",0.000,0.000,84.112,0.000,0.000,0.000,0.000
"13-FEB-2017 09:30","85",0.000,0.000,84.121,0.000,0.000,0.000,0.000
"13-FEB-2017 09:30","86",0.000,0.000,83.991,0.000,0.000,0.000,0.000
"13-FEB-2017 09:30","87",0.000,21.362,84.124,0.000,898.544,0.000,0.000
"13-FEB-2017 09:30","88",0.000,51.496,85.055,0.000,2190.006,0.000,0.000
"13-FEB-2017 09:30","89",0.000,29.622,84.822,0.000,1256.302,0.000,0.000
"13-FEB-2017 09:30","9",0.000,0.000,86.431,0.000,0.000,0.000,0.000
"13-FEB-2017 09:30","90",0.000,59.981,83.822,0.000,2513.870,0.000,0.000
"13-FEB-2017 09:30","91",0.000,0.000,83.691,0.000,0.000,0.000,0.000
"13-FEB-2017 09:30","92",0.000,0.000,83.743,0.000,0.000,0.000,0.000
"13-FEB-2017 09:30","93",0.000,69.952,84.971,0.000,2971.956,0.000,0.000
"13-FEB-2017 09:30","94",0.000,0.000,84.793,0.000,0.000,0.000,0.000
"13-FEB-2017 09:30","95",64.878,0.000,79.805,2588.806,0.000,0.000,0.000
"13-FEB-2017 09:30","96",21.122,0.000,79.805,842.800,0.000,0.000,0.000
"13-FEB-2017 09:30","97",23.000,0.000,74.955,861.980,0.000,0.000,0.000
"13-FEB-2017 09:30","98",23.000,0.000,74.955,861.980,0.000,0.000,0.000
"13-FEB-2017 09:30","99",23.000,0.000,74.955,861.980,0.000,0.000,0.000
